Kód ADM;Kód obce;Název obce;Kód MOMC;Název MOMC;Kód obvodu Prahy;Název obvodu Prahy;Kód èásti obce;Název èásti obce;Kód ulice;Název ulice;Typ SO;Èíslo domovní;Èíslo orientaèní;Znak èísla orientaèního;PSÈ;Souøadnice Y;Souøadnice X;Platí Od
4738578;592111;Bystøice pod Lopeníkem;;;;;17132;Bystøice pod Lopeníkem;;;è.p.;1;;;68755;517093.00;1193387.07;2013-12-04T00:00:00
4738586;592111;Bystøice pod Lopeníkem;;;;;17132;Bystøice pod Lopeníkem;;;è.p.;2;;;68755;517076.68;1193378.13;2013-12-04T00:00:00
4738594;592111;Bystøice pod Lopeníkem;;;;;17132;Bystøice pod Lopeníkem;;;è.p.;3;;;68755;517053.91;1193379.06;2013-12-04T00:00:00
4738608;592111;Bystøice pod Lopeníkem;;;;;17132;Bystøice pod Lopeníkem;;;è.p.;6;;;68755;516977.60;1193387.12;2022-11-17T00:00:00
4738616;592111;Bystøice pod Lopeníkem;;;;;17132;Bystøice pod Lopeníkem;;;è.p.;7;;;68755;516951.16;1193394.10;2013-12-04T00:00:00
4738624;592111;Bystøice pod Lopeníkem;;;;;17132;Bystøice pod Lopeníkem;;;è.p.;8;;;68755;516933.91;1193396.15;2013-12-04T00:00:00
4738632;592111;Bystøice pod Lopeníkem;;;;;17132;Bystøice pod Lopeníkem;;;è.p.;9;;;68755;516904.15;1193390.00;2013-12-04T00:00:00
4738641;592111;Bystøice pod Lopeníkem;;;;;17132;Bystøice pod Lopeníkem;;;è.p.;10;;;68755;517768.88;1193286.07;2013-12-04T00:00:00
4738659;592111;Bystøice pod Lopeníkem;;;;;17132;Bystøice pod Lopeníkem;;;è.p.;11;;;68755;516861.62;1193405.34;2021-07-02T00:00:00
4738667;592111;Bystøice pod Lopeníkem;;;;;17132;Bystøice pod Lopeníkem;;;è.p.;13;;;68755;516802.84;1193313.33;2013-12-04T00:00:00
4738675;592111;Bystøice pod Lopeníkem;;;;;17132;Bystøice pod Lopeníkem;;;è.p.;14;;;68755;516789.90;1193323.70;2022-11-17T00:00:00
4738683;592111;Bystøice pod Lopeníkem;;;;;17132;Bystøice pod Lopeníkem;;;è.p.;16;;;68755;516728.78;1193346.43;2013-12-04T00:00:00
4738691;592111;Bystøice pod Lopeníkem;;;;;17132;Bystøice pod Lopeníkem;;;è.p.;17;;;68755;516720.36;1193359.94;2013-12-04T00:00:00
4738705;592111;Bystøice pod Lopeníkem;;;;;17132;Bystøice pod Lopeníkem;;;è.p.;18;;;68755;516682.38;1193366.11;2013-12-04T00:00:00
4738721;592111;Bystøice pod Lopeníkem;;;;;17132;Bystøice pod Lopeníkem;;;è.p.;21;;;68755;516664.83;1193419.13;2013-12-04T00:00:00
4738730;592111;Bystøice pod Lopeníkem;;;;;17132;Bystøice pod Lopeníkem;;;è.p.;22;;;68755;516640.57;1193372.56;2022-11-17T00:00:00
4738748;592111;Bystøice pod Lopeníkem;;;;;17132;Bystøice pod Lopeníkem;;;è.p.;24;;;68755;516602.28;1193410.80;2022-11-17T00:00:00
4738756;592111;Bystøice pod Lopeníkem;;;;;17132;Bystøice pod Lopeníkem;;;è.p.;25;;;68755;516589.04;1193418.65;2013-12-04T00:00:00
4738772;592111;Bystøice pod Lopeníkem;;;;;17132;Bystøice pod Lopeníkem;;;è.p.;27;;;68755;516799.55;1193435.02;2022-11-17T00:00:00
4738781;592111;Bystøice pod Lopeníkem;;;;;17132;Bystøice pod Lopeníkem;;;è.p.;28;;;68755;516768.45;1193462.65;2013-12-04T00:00:00
4738799;592111;Bystøice pod Lopeníkem;;;;;17132;Bystøice pod Lopeníkem;;;è.p.;29;;;68755;516747.59;1193474.85;2013-12-04T00:00:00
4738802;592111;Bystøice pod Lopeníkem;;;;;17132;Bystøice pod Lopeníkem;;;è.p.;31;;;68755;516716.92;1193494.81;2013-12-04T00:00:00
4738811;592111;Bystøice pod Lopeníkem;;;;;17132;Bystøice pod Lopeníkem;;;è.p.;32;;;68755;516642.90;1193527.25;2013-12-04T00:00:00
4738829;592111;Bystøice pod Lopeníkem;;;;;17132;Bystøice pod Lopeníkem;;;è.p.;33;;;68755;516615.52;1193524.90;2022-11-17T00:00:00
4738837;592111;Bystøice pod Lopeníkem;;;;;17132;Bystøice pod Lopeníkem;;;è.p.;38;;;68755;516464.51;1193581.71;2013-12-04T00:00:00
4738845;592111;Bystøice pod Lopeníkem;;;;;17132;Bystøice pod Lopeníkem;;;è.p.;45;;;68755;516562.48;1193605.29;2013-12-04T00:00:00
4738853;592111;Bystøice pod Lopeníkem;;;;;17132;Bystøice pod Lopeníkem;;;è.p.;47;;;68755;516593.59;1193570.19;2022-11-17T00:00:00
4738861;592111;Bystøice pod Lopeníkem;;;;;17132;Bystøice pod Lopeníkem;;;è.p.;48;;;68755;516629.77;1193565.70;2022-11-17T00:00:00
4738870;592111;Bystøice pod Lopeníkem;;;;;17132;Bystøice pod Lopeníkem;;;è.p.;50;;;68755;516658.84;1193553.95;2013-12-04T00:00:00
4738888;592111;Bystøice pod Lopeníkem;;;;;17132;Bystøice pod Lopeníkem;;;è.p.;51;;;68755;516671.09;1193551.39;2013-12-04T00:00:00
4738896;592111;Bystøice pod Lopeníkem;;;;;17132;Bystøice pod Lopeníkem;;;è.p.;52;;;68755;516688.00;1193546.68;2013-12-04T00:00:00
4738900;592111;Bystøice pod Lopeníkem;;;;;17132;Bystøice pod Lopeníkem;;;è.p.;53;;;68755;516699.38;1193539.59;2013-12-04T00:00:00
4738918;592111;Bystøice pod Lopeníkem;;;;;17132;Bystøice pod Lopeníkem;;;è.p.;55;;;68755;516726.10;1193524.04;2022-11-17T00:00:00
4738926;592111;Bystøice pod Lopeníkem;;;;;17132;Bystøice pod Lopeníkem;;;è.p.;56;;;68755;516735.67;1193519.98;2013-12-04T00:00:00
4738934;592111;Bystøice pod Lopeníkem;;;;;17132;Bystøice pod Lopeníkem;;;è.p.;57;;;68755;516744.11;1193514.05;2013-12-04T00:00:00
4738942;592111;Bystøice pod Lopeníkem;;;;;17132;Bystøice pod Lopeníkem;;;è.p.;58;;;68755;516759.96;1193504.70;2022-11-17T00:00:00
4738951;592111;Bystøice pod Lopeníkem;;;;;17132;Bystøice pod Lopeníkem;;;è.p.;59;;;68755;516763.22;1193500.29;2013-12-04T00:00:00
4738969;592111;Bystøice pod Lopeníkem;;;;;17132;Bystøice pod Lopeníkem;;;è.p.;60;;;68755;516782.25;1193489.13;2022-11-17T00:00:00
4738977;592111;Bystøice pod Lopeníkem;;;;;17132;Bystøice pod Lopeníkem;;;è.p.;61;;;68755;516788.55;1193482.54;2022-11-17T00:00:00
4738985;592111;Bystøice pod Lopeníkem;;;;;17132;Bystøice pod Lopeníkem;;;è.p.;63;;;68755;516809.31;1193472.96;2013-12-04T00:00:00
4738993;592111;Bystøice pod Lopeníkem;;;;;17132;Bystøice pod Lopeníkem;;;è.p.;66;;;68755;516840.89;1193453.69;2013-12-04T00:00:00
4739001;592111;Bystøice pod Lopeníkem;;;;;17132;Bystøice pod Lopeníkem;;;è.p.;67;;;68755;516473.17;1193952.08;2013-12-04T00:00:00
4739019;592111;Bystøice pod Lopeníkem;;;;;17132;Bystøice pod Lopeníkem;;;è.p.;69;;;68755;516881.84;1193442.16;2016-04-06T00:00:00
4739027;592111;Bystøice pod Lopeníkem;;;;;17132;Bystøice pod Lopeníkem;;;è.p.;70;;;68755;516892.17;1193433.18;2013-12-04T00:00:00
4739035;592111;Bystøice pod Lopeníkem;;;;;17132;Bystøice pod Lopeníkem;;;è.p.;73;;;68755;516947.21;1193432.22;2013-12-04T00:00:00
4739043;592111;Bystøice pod Lopeníkem;;;;;17132;Bystøice pod Lopeníkem;;;è.p.;74;;;68755;516957.11;1193433.50;2013-12-04T00:00:00
4739051;592111;Bystøice pod Lopeníkem;;;;;17132;Bystøice pod Lopeníkem;;;è.p.;76;;;68755;517026.04;1193427.75;2013-12-04T00:00:00
4739060;592111;Bystøice pod Lopeníkem;;;;;17132;Bystøice pod Lopeníkem;;;è.p.;77;;;68755;517054.21;1193418.21;2013-12-04T00:00:00
4739086;592111;Bystøice pod Lopeníkem;;;;;17132;Bystøice pod Lopeníkem;;;è.p.;81;;;68755;516241.35;1193931.31;2018-02-20T00:00:00
4739094;592111;Bystøice pod Lopeníkem;;;;;17132;Bystøice pod Lopeníkem;;;è.p.;82;;;68755;517196.84;1193392.58;2013-12-04T00:00:00
4739108;592111;Bystøice pod Lopeníkem;;;;;17132;Bystøice pod Lopeníkem;;;è.p.;84;;;68755;517158.95;1193388.16;2013-12-04T00:00:00
4739116;592111;Bystøice pod Lopeníkem;;;;;17132;Bystøice pod Lopeníkem;;;è.p.;85;;;68755;516115.31;1193910.26;2022-11-17T00:00:00
4739124;592111;Bystøice pod Lopeníkem;;;;;17132;Bystøice pod Lopeníkem;;;è.p.;87;;;68755;516528.05;1193609.70;2013-12-04T00:00:00
4739132;592111;Bystøice pod Lopeníkem;;;;;17132;Bystøice pod Lopeníkem;;;è.p.;88;;;68755;516483.47;1193653.50;2022-11-17T00:00:00
4739141;592111;Bystøice pod Lopeníkem;;;;;17132;Bystøice pod Lopeníkem;;;è.p.;91;;;68755;515894.93;1193801.89;2022-11-17T00:00:00
4739159;592111;Bystøice pod Lopeníkem;;;;;17132;Bystøice pod Lopeníkem;;;è.p.;93;;;68755;517531.40;1193370.43;2023-02-27T00:00:00
4739175;592111;Bystøice pod Lopeníkem;;;;;17132;Bystøice pod Lopeníkem;;;è.p.;97;;;68755;516494.02;1193655.20;2022-11-17T00:00:00
4739183;592111;Bystøice pod Lopeníkem;;;;;17132;Bystøice pod Lopeníkem;;;è.p.;99;;;68755;516493.16;1193682.97;2022-11-17T00:00:00
4739191;592111;Bystøice pod Lopeníkem;;;;;17132;Bystøice pod Lopeníkem;;;è.p.;100;;;68755;516507.93;1193626.62;2022-11-17T00:00:00
4739205;592111;Bystøice pod Lopeníkem;;;;;17132;Bystøice pod Lopeníkem;;;è.p.;101;;;68755;516486.94;1193610.66;2013-12-04T00:00:00
4739213;592111;Bystøice pod Lopeníkem;;;;;17132;Bystøice pod Lopeníkem;;;è.p.;102;;;68755;516564.28;1193442.27;2013-12-04T00:00:00
4739221;592111;Bystøice pod Lopeníkem;;;;;17132;Bystøice pod Lopeníkem;;;è.p.;104;;;68755;516410.89;1193670.14;2013-12-04T00:00:00
4739230;592111;Bystøice pod Lopeníkem;;;;;17132;Bystøice pod Lopeníkem;;;è.p.;106;;;68755;516534.51;1193591.38;2013-12-04T00:00:00
4739248;592111;Bystøice pod Lopeníkem;;;;;17132;Bystøice pod Lopeníkem;;;è.p.;111;;;68755;517526.26;1193331.25;2013-12-04T00:00:00
4739256;592111;Bystøice pod Lopeníkem;;;;;17132;Bystøice pod Lopeníkem;;;è.p.;113;;;68755;516492.68;1193635.47;2013-12-04T00:00:00
4739264;592111;Bystøice pod Lopeníkem;;;;;17132;Bystøice pod Lopeníkem;;;è.p.;114;;;68755;516136.45;1193830.79;2022-11-17T00:00:00
4739272;592111;Bystøice pod Lopeníkem;;;;;17132;Bystøice pod Lopeníkem;;;è.p.;115;;;68755;516352.38;1193695.37;2013-12-04T00:00:00
4739281;592111;Bystøice pod Lopeníkem;;;;;17132;Bystøice pod Lopeníkem;;;è.p.;119;;;68755;516819.14;1193337.39;2013-12-04T00:00:00
4739299;592111;Bystøice pod Lopeníkem;;;;;17132;Bystøice pod Lopeníkem;;;è.p.;121;;;68755;517401.52;1193261.14;2013-12-04T00:00:00
4739302;592111;Bystøice pod Lopeníkem;;;;;17132;Bystøice pod Lopeníkem;;;è.p.;123;;;68755;516307.09;1193912.53;2013-12-04T00:00:00
4739311;592111;Bystøice pod Lopeníkem;;;;;17132;Bystøice pod Lopeníkem;;;è.p.;125;;;68755;515964.51;1193784.64;2013-12-04T00:00:00
4739329;592111;Bystøice pod Lopeníkem;;;;;17132;Bystøice pod Lopeníkem;;;è.p.;127;;;68755;517109.14;1193456.09;2013-12-04T00:00:00
4739337;592111;Bystøice pod Lopeníkem;;;;;17132;Bystøice pod Lopeníkem;;;è.p.;131;;;68755;517041.63;1193424.98;2013-12-04T00:00:00
4739345;592111;Bystøice pod Lopeníkem;;;;;17132;Bystøice pod Lopeníkem;;;è.p.;139;;;68755;516756.50;1193330.06;2022-11-17T00:00:00
4739353;592111;Bystøice pod Lopeníkem;;;;;17132;Bystøice pod Lopeníkem;;;è.p.;140;;;68755;517323.20;1193456.74;2022-11-17T00:00:00
4739361;592111;Bystøice pod Lopeníkem;;;;;17132;Bystøice pod Lopeníkem;;;è.p.;141;;;68755;516534.77;1193598.30;2022-11-17T00:00:00
4739370;592111;Bystøice pod Lopeníkem;;;;;17132;Bystøice pod Lopeníkem;;;è.p.;144;;;68755;516392.81;1193685.50;2013-12-04T00:00:00
4739388;592111;Bystøice pod Lopeníkem;;;;;17132;Bystøice pod Lopeníkem;;;è.p.;145;;;68755;516894.09;1193393.32;2013-12-04T00:00:00
4739396;592111;Bystøice pod Lopeníkem;;;;;17132;Bystøice pod Lopeníkem;;;è.p.;146;;;68755;516424.47;1193676.15;2022-11-17T00:00:00
4739400;592111;Bystøice pod Lopeníkem;;;;;17132;Bystøice pod Lopeníkem;;;è.p.;147;;;68755;516785.94;1193448.36;2013-12-04T00:00:00
4739418;592111;Bystøice pod Lopeníkem;;;;;17132;Bystøice pod Lopeníkem;;;è.p.;148;;;68755;516597.59;1193569.10;2013-12-04T00:00:00
4739426;592111;Bystøice pod Lopeníkem;;;;;17132;Bystøice pod Lopeníkem;;;è.p.;149;;;68755;516360.73;1193687.35;2013-12-04T00:00:00
4739434;592111;Bystøice pod Lopeníkem;;;;;17132;Bystøice pod Lopeníkem;;;è.p.;150;;;68755;516579.32;1193535.65;2013-12-04T00:00:00
4739442;592111;Bystøice pod Lopeníkem;;;;;17132;Bystøice pod Lopeníkem;;;è.p.;154;;;68755;516506.98;1193994.11;2022-11-17T00:00:00
4739451;592111;Bystøice pod Lopeníkem;;;;;17132;Bystøice pod Lopeníkem;;;è.p.;155;;;68755;517283.10;1193390.96;2013-12-04T00:00:00
4739469;592111;Bystøice pod Lopeníkem;;;;;17132;Bystøice pod Lopeníkem;;;è.p.;157;;;68755;516338.85;1193717.65;2015-11-05T00:00:00
4739477;592111;Bystøice pod Lopeníkem;;;;;17132;Bystøice pod Lopeníkem;;;è.p.;158;;;68755;516324.10;1193725.85;2013-12-04T00:00:00
4739485;592111;Bystøice pod Lopeníkem;;;;;17132;Bystøice pod Lopeníkem;;;è.p.;159;;;68755;516452.18;1193690.59;2022-11-17T00:00:00
4739493;592111;Bystøice pod Lopeníkem;;;;;17132;Bystøice pod Lopeníkem;;;è.p.;160;;;68755;517204.79;1193410.01;2013-12-04T00:00:00
4739507;592111;Bystøice pod Lopeníkem;;;;;17132;Bystøice pod Lopeníkem;;;è.p.;161;;;68755;517109.90;1193424.77;2013-12-04T00:00:00
4739515;592111;Bystøice pod Lopeníkem;;;;;17132;Bystøice pod Lopeníkem;;;è.p.;162;;;68755;516309.03;1193675.37;2013-12-04T00:00:00
4739523;592111;Bystøice pod Lopeníkem;;;;;17132;Bystøice pod Lopeníkem;;;è.p.;164;;;68755;516039.63;1193810.58;2013-12-04T00:00:00
4739531;592111;Bystøice pod Lopeníkem;;;;;17132;Bystøice pod Lopeníkem;;;è.p.;165;;;68755;516306.16;1193744.56;2022-11-17T00:00:00
4739540;592111;Bystøice pod Lopeníkem;;;;;17132;Bystøice pod Lopeníkem;;;è.p.;167;;;68755;516561.10;1193547.10;2022-11-17T00:00:00
4739558;592111;Bystøice pod Lopeníkem;;;;;17132;Bystøice pod Lopeníkem;;;è.p.;169;;;68755;516650.39;1193556.97;2013-12-04T00:00:00
4739566;592111;Bystøice pod Lopeníkem;;;;;17132;Bystøice pod Lopeníkem;;;è.p.;171;;;68755;516696.32;1193367.53;2013-12-04T00:00:00
4739582;592111;Bystøice pod Lopeníkem;;;;;17132;Bystøice pod Lopeníkem;;;è.p.;175;;;68755;516236.46;1193798.61;2013-12-04T00:00:00
4739591;592111;Bystøice pod Lopeníkem;;;;;17132;Bystøice pod Lopeníkem;;;è.p.;177;;;68755;516783.86;1193335.34;2017-09-07T00:00:00
4739604;592111;Bystøice pod Lopeníkem;;;;;17132;Bystøice pod Lopeníkem;;;è.p.;178;;;68755;516269.63;1193863.02;2013-12-04T00:00:00
4739612;592111;Bystøice pod Lopeníkem;;;;;17132;Bystøice pod Lopeníkem;;;è.p.;179;;;68755;517264.29;1193402.78;2013-12-04T00:00:00
4739621;592111;Bystøice pod Lopeníkem;;;;;17132;Bystøice pod Lopeníkem;;;è.p.;180;;;68755;516256.11;1193676.33;2013-12-04T00:00:00
4739639;592111;Bystøice pod Lopeníkem;;;;;17132;Bystøice pod Lopeníkem;;;è.p.;181;;;68755;516248.33;1193826.49;2022-11-17T00:00:00
4739647;592111;Bystøice pod Lopeníkem;;;;;17132;Bystøice pod Lopeníkem;;;è.p.;183;;;68755;516821.62;1193320.11;2013-12-04T00:00:00
4739655;592111;Bystøice pod Lopeníkem;;;;;17132;Bystøice pod Lopeníkem;;;è.p.;184;;;68755;517458.04;1193334.57;2013-12-04T00:00:00
4739663;592111;Bystøice pod Lopeníkem;;;;;17132;Bystøice pod Lopeníkem;;;è.p.;187;;;68755;517472.63;1193334.63;2013-12-04T00:00:00
4739671;592111;Bystøice pod Lopeníkem;;;;;17132;Bystøice pod Lopeníkem;;;è.p.;189;;;68755;516222.93;1193850.55;2022-11-17T00:00:00
4739680;592111;Bystøice pod Lopeníkem;;;;;17132;Bystøice pod Lopeníkem;;;è.p.;190;;;68755;516199.18;1193867.12;2013-12-04T00:00:00
4739698;592111;Bystøice pod Lopeníkem;;;;;17132;Bystøice pod Lopeníkem;;;è.p.;191;;;68755;517194.21;1193415.71;2013-12-04T00:00:00
4739701;592111;Bystøice pod Lopeníkem;;;;;17132;Bystøice pod Lopeníkem;;;è.p.;192;;;68755;516115.74;1193800.42;2022-11-17T00:00:00
4739710;592111;Bystøice pod Lopeníkem;;;;;17132;Bystøice pod Lopeníkem;;;è.p.;193;;;68755;516873.72;1193399.69;2013-12-04T00:00:00
4739728;592111;Bystøice pod Lopeníkem;;;;;17132;Bystøice pod Lopeníkem;;;è.p.;194;;;68755;516297.30;1193876.43;2022-11-17T00:00:00
4739736;592111;Bystøice pod Lopeníkem;;;;;17132;Bystøice pod Lopeníkem;;;è.p.;195;;;68755;516227.95;1193805.87;2013-12-04T00:00:00
4739744;592111;Bystøice pod Lopeníkem;;;;;17132;Bystøice pod Lopeníkem;;;è.p.;197;;;68755;517313.73;1193351.62;2013-12-04T00:00:00
4739752;592111;Bystøice pod Lopeníkem;;;;;17132;Bystøice pod Lopeníkem;;;è.p.;198;;;68755;517385.30;1193368.27;2013-12-04T00:00:00
4739761;592111;Bystøice pod Lopeníkem;;;;;17132;Bystøice pod Lopeníkem;;;è.p.;199;;;68755;517379.39;1193282.08;2013-12-04T00:00:00
4739779;592111;Bystøice pod Lopeníkem;;;;;17132;Bystøice pod Lopeníkem;;;è.p.;201;;;68755;516262.58;1193784.92;2013-12-04T00:00:00
4739787;592111;Bystøice pod Lopeníkem;;;;;17132;Bystøice pod Lopeníkem;;;è.p.;202;;;68755;516147.70;1193832.33;2022-11-17T00:00:00
4739795;592111;Bystøice pod Lopeníkem;;;;;17132;Bystøice pod Lopeníkem;;;è.p.;203;;;68755;517609.80;1193352.44;2013-12-04T00:00:00
4739809;592111;Bystøice pod Lopeníkem;;;;;17132;Bystøice pod Lopeníkem;;;è.p.;204;;;68755;517708.56;1193351.13;2013-12-04T00:00:00
4739817;592111;Bystøice pod Lopeníkem;;;;;17132;Bystøice pod Lopeníkem;;;è.p.;205;;;68755;517115.70;1193392.50;2013-12-04T00:00:00
4739825;592111;Bystøice pod Lopeníkem;;;;;17132;Bystøice pod Lopeníkem;;;è.p.;206;;;68755;516288.91;1193818.83;2022-11-17T00:00:00
4739833;592111;Bystøice pod Lopeníkem;;;;;17132;Bystøice pod Lopeníkem;;;è.p.;208;;;68755;516275.35;1193842.62;2022-11-17T00:00:00
4739841;592111;Bystøice pod Lopeníkem;;;;;17132;Bystøice pod Lopeníkem;;;è.p.;211;;;68755;516460.87;1193831.75;2013-12-04T00:00:00
4739850;592111;Bystøice pod Lopeníkem;;;;;17132;Bystøice pod Lopeníkem;;;è.p.;212;;;68755;517706.25;1193321.13;2013-12-04T00:00:00
4739868;592111;Bystøice pod Lopeníkem;;;;;17132;Bystøice pod Lopeníkem;;;è.p.;213;;;68755;517683.06;1193334.87;2013-12-04T00:00:00
4739876;592111;Bystøice pod Lopeníkem;;;;;17132;Bystøice pod Lopeníkem;;;è.p.;215;;;68755;517697.72;1193326.30;2013-12-04T00:00:00
4739884;592111;Bystøice pod Lopeníkem;;;;;17132;Bystøice pod Lopeníkem;;;è.p.;217;;;68755;517409.82;1193338.17;2013-12-04T00:00:00
4739892;592111;Bystøice pod Lopeníkem;;;;;17132;Bystøice pod Lopeníkem;;;è.p.;220;;;68755;516222.71;1193807.63;2022-11-17T00:00:00
4739906;592111;Bystøice pod Lopeníkem;;;;;17132;Bystøice pod Lopeníkem;;;è.p.;221;;;68755;517404.16;1193361.22;2022-11-17T00:00:00
4739914;592111;Bystøice pod Lopeníkem;;;;;17132;Bystøice pod Lopeníkem;;;è.p.;222;;;68755;516474.61;1193961.59;2013-12-04T00:00:00
4739922;592111;Bystøice pod Lopeníkem;;;;;17132;Bystøice pod Lopeníkem;;;è.p.;225;;;68755;517343.09;1193380.45;2013-12-04T00:00:00
4739931;592111;Bystøice pod Lopeníkem;;;;;17132;Bystøice pod Lopeníkem;;;è.p.;226;;;68755;517718.08;1193314.37;2013-12-04T00:00:00
4739949;592111;Bystøice pod Lopeníkem;;;;;17132;Bystøice pod Lopeníkem;;;è.p.;227;;;68755;517185.96;1193417.39;2013-12-04T00:00:00
4739957;592111;Bystøice pod Lopeníkem;;;;;17132;Bystøice pod Lopeníkem;;;è.p.;228;;;68755;516317.53;1193925.20;2013-12-04T00:00:00
4739965;592111;Bystøice pod Lopeníkem;;;;;17132;Bystøice pod Lopeníkem;;;è.p.;229;;;68755;516208.20;1193806.99;2022-11-17T00:00:00
4739973;592111;Bystøice pod Lopeníkem;;;;;17132;Bystøice pod Lopeníkem;;;è.p.;230;;;68755;517294.73;1193356.97;2013-12-04T00:00:00
4739981;592111;Bystøice pod Lopeníkem;;;;;17132;Bystøice pod Lopeníkem;;;è.p.;231;;;68755;516433.06;1193611.99;2022-11-17T00:00:00
4739990;592111;Bystøice pod Lopeníkem;;;;;17132;Bystøice pod Lopeníkem;;;è.p.;232;;;68755;516199.08;1193810.47;2022-11-17T00:00:00
4740009;592111;Bystøice pod Lopeníkem;;;;;17132;Bystøice pod Lopeníkem;;;è.p.;233;;;68755;516120.05;1193801.31;2013-12-04T00:00:00
4740017;592111;Bystøice pod Lopeníkem;;;;;17132;Bystøice pod Lopeníkem;;;è.p.;235;;;68755;517425.10;1193367.20;2022-11-17T00:00:00
4740025;592111;Bystøice pod Lopeníkem;;;;;17132;Bystøice pod Lopeníkem;;;è.p.;236;;;68755;517432.77;1193331.61;2013-12-04T00:00:00
4740033;592111;Bystøice pod Lopeníkem;;;;;17132;Bystøice pod Lopeníkem;;;è.p.;237;;;68755;516484.36;1193875.87;2022-11-17T00:00:00
4740041;592111;Bystøice pod Lopeníkem;;;;;17132;Bystøice pod Lopeníkem;;;è.p.;238;;;68755;516082.81;1193823.57;2022-11-17T00:00:00
4740050;592111;Bystøice pod Lopeníkem;;;;;17132;Bystøice pod Lopeníkem;;;è.p.;240;;;68755;516063.04;1193794.16;2013-12-04T00:00:00
4740068;592111;Bystøice pod Lopeníkem;;;;;17132;Bystøice pod Lopeníkem;;;è.p.;241;;;68755;516044.76;1193788.43;2013-12-04T00:00:00
4740076;592111;Bystøice pod Lopeníkem;;;;;17132;Bystøice pod Lopeníkem;;;è.p.;243;;;68755;516288.60;1193808.50;2013-12-04T00:00:00
4740084;592111;Bystøice pod Lopeníkem;;;;;17132;Bystøice pod Lopeníkem;;;è.p.;244;;;68755;517398.56;1193340.85;2013-12-04T00:00:00
4740092;592111;Bystøice pod Lopeníkem;;;;;17132;Bystøice pod Lopeníkem;;;è.p.;246;;;68755;516169.12;1193807.62;2013-12-04T00:00:00
4740106;592111;Bystøice pod Lopeníkem;;;;;17132;Bystøice pod Lopeníkem;;;è.p.;247;;;68755;517330.48;1193352.13;2022-11-17T00:00:00
4740114;592111;Bystøice pod Lopeníkem;;;;;17132;Bystøice pod Lopeníkem;;;è.p.;248;;;68755;516302.08;1193673.91;2013-12-04T00:00:00
4740122;592111;Bystøice pod Lopeníkem;;;;;17132;Bystøice pod Lopeníkem;;;è.p.;251;;;68755;517288.57;1193325.43;2013-12-04T00:00:00
4740131;592111;Bystøice pod Lopeníkem;;;;;17132;Bystøice pod Lopeníkem;;;è.p.;252;;;68755;516280.15;1193775.66;2022-11-17T00:00:00
4740149;592111;Bystøice pod Lopeníkem;;;;;17132;Bystøice pod Lopeníkem;;;è.p.;253;;;68755;516506.31;1193983.69;2013-12-04T00:00:00
4740157;592111;Bystøice pod Lopeníkem;;;;;17132;Bystøice pod Lopeníkem;;;è.p.;254;;;68755;517492.91;1193345.22;2013-12-04T00:00:00
4740165;592111;Bystøice pod Lopeníkem;;;;;17132;Bystøice pod Lopeníkem;;;è.p.;255;;;68755;517732.64;1193306.42;2013-12-04T00:00:00
4740173;592111;Bystøice pod Lopeníkem;;;;;17132;Bystøice pod Lopeníkem;;;è.p.;256;;;68755;516021.66;1193808.00;2013-12-04T00:00:00
4740181;592111;Bystøice pod Lopeníkem;;;;;17132;Bystøice pod Lopeníkem;;;è.p.;257;;;68755;516423.13;1193861.81;2013-12-04T00:00:00
4740190;592111;Bystøice pod Lopeníkem;;;;;17132;Bystøice pod Lopeníkem;;;è.p.;258;;;68755;516268.98;1193812.43;2022-11-17T00:00:00
4740203;592111;Bystøice pod Lopeníkem;;;;;17132;Bystøice pod Lopeníkem;;;è.p.;263;;;68755;516481.39;1193899.88;2013-12-04T00:00:00
4740211;592111;Bystøice pod Lopeníkem;;;;;17132;Bystøice pod Lopeníkem;;;è.p.;265;;;68755;517466.34;1193456.59;2013-12-04T00:00:00
4740220;592111;Bystøice pod Lopeníkem;;;;;17132;Bystøice pod Lopeníkem;;;è.p.;267;;;68755;517541.06;1193352.45;2013-12-04T00:00:00
4740238;592111;Bystøice pod Lopeníkem;;;;;17132;Bystøice pod Lopeníkem;;;è.p.;268;;;68755;517345.92;1193326.46;2013-12-04T00:00:00
4740246;592111;Bystøice pod Lopeníkem;;;;;17132;Bystøice pod Lopeníkem;;;è.p.;270;;;68755;517744.91;1193298.06;2013-12-04T00:00:00
4740254;592111;Bystøice pod Lopeníkem;;;;;17132;Bystøice pod Lopeníkem;;;è.p.;271;;;68755;517664.38;1193334.36;2013-12-04T00:00:00
4740262;592111;Bystøice pod Lopeníkem;;;;;17132;Bystøice pod Lopeníkem;;;è.p.;272;;;68755;516479.48;1193864.45;2013-12-04T00:00:00
4740271;592111;Bystøice pod Lopeníkem;;;;;17132;Bystøice pod Lopeníkem;;;è.p.;273;;;68755;517388.06;1193276.18;2013-12-04T00:00:00
4740289;592111;Bystøice pod Lopeníkem;;;;;17132;Bystøice pod Lopeníkem;;;è.p.;274;;;68755;517560.56;1193354.29;2013-12-04T00:00:00
4740297;592111;Bystøice pod Lopeníkem;;;;;17132;Bystøice pod Lopeníkem;;;è.p.;275;;;68755;516503.33;1194006.97;2013-12-04T00:00:00
4740301;592111;Bystøice pod Lopeníkem;;;;;17132;Bystøice pod Lopeníkem;;;è.p.;276;;;68755;517645.94;1193340.64;2013-12-04T00:00:00
4740319;592111;Bystøice pod Lopeníkem;;;;;17132;Bystøice pod Lopeníkem;;;è.p.;277;;;68755;516371.33;1193650.21;2013-12-04T00:00:00
4740327;592111;Bystøice pod Lopeníkem;;;;;17132;Bystøice pod Lopeníkem;;;è.p.;278;;;68755;517400.44;1193481.14;2013-12-04T00:00:00
4740335;592111;Bystøice pod Lopeníkem;;;;;17132;Bystøice pod Lopeníkem;;;è.p.;279;;;68755;516371.61;1193884.88;2013-12-04T00:00:00
4740343;592111;Bystøice pod Lopeníkem;;;;;17132;Bystøice pod Lopeníkem;;;è.p.;280;;;68755;517123.66;1193446.64;2013-12-04T00:00:00
4740351;592111;Bystøice pod Lopeníkem;;;;;17132;Bystøice pod Lopeníkem;;;è.p.;281;;;68755;517456.11;1193364.01;2013-12-04T00:00:00
4740360;592111;Bystøice pod Lopeníkem;;;;;17132;Bystøice pod Lopeníkem;;;è.p.;282;;;68755;517597.44;1193354.84;2013-12-04T00:00:00
4740378;592111;Bystøice pod Lopeníkem;;;;;17132;Bystøice pod Lopeníkem;;;è.p.;283;;;68755;517358.55;1193305.14;2013-12-04T00:00:00
4740386;592111;Bystøice pod Lopeníkem;;;;;17132;Bystøice pod Lopeníkem;;;è.p.;285;;;68755;517420.79;1193236.90;2013-12-04T00:00:00
4740394;592111;Bystøice pod Lopeníkem;;;;;17132;Bystøice pod Lopeníkem;;;è.p.;286;;;68755;517286.44;1193359.36;2013-12-04T00:00:00
4740408;592111;Bystøice pod Lopeníkem;;;;;17132;Bystøice pod Lopeníkem;;;è.p.;288;;;68755;516190.67;1193946.85;2013-12-04T00:00:00
4740416;592111;Bystøice pod Lopeníkem;;;;;17132;Bystøice pod Lopeníkem;;;è.p.;289;;;68755;517431.72;1193457.25;2013-12-04T00:00:00
4740424;592111;Bystøice pod Lopeníkem;;;;;17132;Bystøice pod Lopeníkem;;;è.p.;290;;;68755;517752.18;1193344.60;2013-12-04T00:00:00
4740432;592111;Bystøice pod Lopeníkem;;;;;17132;Bystøice pod Lopeníkem;;;è.p.;291;;;68755;516478.55;1193910.46;2013-12-04T00:00:00
4740441;592111;Bystøice pod Lopeníkem;;;;;17132;Bystøice pod Lopeníkem;;;è.p.;292;;;68755;517389.91;1193486.00;2022-11-17T00:00:00
4740459;592111;Bystøice pod Lopeníkem;;;;;17132;Bystøice pod Lopeníkem;;;è.p.;293;;;68755;516433.43;1194062.13;2013-12-04T00:00:00
4740467;592111;Bystøice pod Lopeníkem;;;;;17132;Bystøice pod Lopeníkem;;;è.p.;294;;;68755;516405.15;1193957.33;2022-11-17T00:00:00
4740475;592111;Bystøice pod Lopeníkem;;;;;17132;Bystøice pod Lopeníkem;;;è.p.;295;;;68755;516509.02;1193963.32;2022-11-17T00:00:00
4740483;592111;Bystøice pod Lopeníkem;;;;;17132;Bystøice pod Lopeníkem;;;è.p.;296;;;68755;516488.38;1193733.23;2013-12-04T00:00:00
4740491;592111;Bystøice pod Lopeníkem;;;;;17132;Bystøice pod Lopeníkem;;;è.p.;298;;;68755;516478.33;1193847.49;2013-12-04T00:00:00
4740505;592111;Bystøice pod Lopeníkem;;;;;17132;Bystøice pod Lopeníkem;;;è.p.;299;;;68755;516475.17;1193942.49;2013-12-04T00:00:00
4740513;592111;Bystøice pod Lopeníkem;;;;;17132;Bystøice pod Lopeníkem;;;è.p.;300;;;68755;516391.51;1193926.93;2022-11-17T00:00:00
4740521;592111;Bystøice pod Lopeníkem;;;;;17132;Bystøice pod Lopeníkem;;;è.p.;301;;;68755;516410.95;1193965.77;2022-11-17T00:00:00
4740530;592111;Bystøice pod Lopeníkem;;;;;17132;Bystøice pod Lopeníkem;;;è.p.;302;;;68755;516408.66;1193976.83;2013-12-04T00:00:00
4740548;592111;Bystøice pod Lopeníkem;;;;;17132;Bystøice pod Lopeníkem;;;è.p.;303;;;68755;516411.98;1193986.29;2013-12-04T00:00:00
4740556;592111;Bystøice pod Lopeníkem;;;;;17132;Bystøice pod Lopeníkem;;;è.p.;304;;;68755;516416.21;1193993.52;2013-12-04T00:00:00
4740564;592111;Bystøice pod Lopeníkem;;;;;17132;Bystøice pod Lopeníkem;;;è.p.;305;;;68755;516504.37;1194021.69;2013-12-04T00:00:00
4740572;592111;Bystøice pod Lopeníkem;;;;;17132;Bystøice pod Lopeníkem;;;è.p.;306;;;68755;516467.24;1194016.22;2013-12-04T00:00:00
4740581;592111;Bystøice pod Lopeníkem;;;;;17132;Bystøice pod Lopeníkem;;;è.p.;307;;;68755;516125.08;1193834.41;2022-11-17T00:00:00
4740599;592111;Bystøice pod Lopeníkem;;;;;17132;Bystøice pod Lopeníkem;;;è.p.;308;;;68755;516825.54;1193273.24;2013-12-04T00:00:00
4740602;592111;Bystøice pod Lopeníkem;;;;;17132;Bystøice pod Lopeníkem;;;è.p.;309;;;68755;517276.29;1193363.61;2013-12-04T00:00:00
4740611;592111;Bystøice pod Lopeníkem;;;;;17132;Bystøice pod Lopeníkem;;;è.p.;310;;;68755;517292.31;1193388.20;2013-12-04T00:00:00
4740629;592111;Bystøice pod Lopeníkem;;;;;17132;Bystøice pod Lopeníkem;;;è.p.;311;;;68755;517324.58;1193389.30;2013-12-04T00:00:00
4740637;592111;Bystøice pod Lopeníkem;;;;;17132;Bystøice pod Lopeníkem;;;è.p.;312;;;68755;517385.75;1193344.27;2013-12-04T00:00:00
4740645;592111;Bystøice pod Lopeníkem;;;;;17132;Bystøice pod Lopeníkem;;;è.p.;314;;;68755;517368.13;1193506.26;2018-12-17T00:00:00
4740653;592111;Bystøice pod Lopeníkem;;;;;17132;Bystøice pod Lopeníkem;;;è.p.;315;;;68755;517329.99;1193473.19;2022-09-06T00:00:00
4740661;592111;Bystøice pod Lopeníkem;;;;;17132;Bystøice pod Lopeníkem;;;è.p.;316;;;68755;517757.27;1193291.41;2013-12-04T00:00:00
4740670;592111;Bystøice pod Lopeníkem;;;;;17132;Bystøice pod Lopeníkem;;;è.p.;317;;;68755;517157.54;1193419.21;2020-12-08T00:00:00
4740688;592111;Bystøice pod Lopeníkem;;;;;17132;Bystøice pod Lopeníkem;;;è.p.;319;;;68755;516469.85;1194004.65;2013-12-04T00:00:00
4740696;592111;Bystøice pod Lopeníkem;;;;;17132;Bystøice pod Lopeníkem;;;è.p.;320;;;68755;517334.81;1193445.16;2013-12-04T00:00:00
4740700;592111;Bystøice pod Lopeníkem;;;;;17132;Bystøice pod Lopeníkem;;;è.p.;321;;;68755;516289.60;1193755.90;2013-12-04T00:00:00
4740718;592111;Bystøice pod Lopeníkem;;;;;17132;Bystøice pod Lopeníkem;;;è.p.;322;;;68755;516439.45;1193841.66;2013-12-04T00:00:00
4740726;592111;Bystøice pod Lopeníkem;;;;;17132;Bystøice pod Lopeníkem;;;è.p.;323;;;68755;516508.56;1193500.65;2022-11-17T00:00:00
4740734;592111;Bystøice pod Lopeníkem;;;;;17132;Bystøice pod Lopeníkem;;;è.p.;324;;;68755;516242.07;1193791.40;2013-12-04T00:00:00
4740742;592111;Bystøice pod Lopeníkem;;;;;17132;Bystøice pod Lopeníkem;;;è.p.;325;;;68755;516510.19;1193952.50;2020-12-08T00:00:00
4740751;592111;Bystøice pod Lopeníkem;;;;;17132;Bystøice pod Lopeníkem;;;è.p.;326;;;68755;517508.38;1193337.15;2013-12-04T00:00:00
4740769;592111;Bystøice pod Lopeníkem;;;;;17132;Bystøice pod Lopeníkem;;;è.p.;327;;;68755;516440.28;1194045.96;2013-12-04T00:00:00
4740777;592111;Bystøice pod Lopeníkem;;;;;17132;Bystøice pod Lopeníkem;;;è.p.;328;;;68755;516396.55;1193935.83;2022-11-17T00:00:00
4740785;592111;Bystøice pod Lopeníkem;;;;;17132;Bystøice pod Lopeníkem;;;è.p.;329;;;68755;516008.65;1193810.00;2022-11-17T00:00:00
4740793;592111;Bystøice pod Lopeníkem;;;;;17132;Bystøice pod Lopeníkem;;;è.p.;330;;;68755;516350.75;1193942.63;2013-12-04T00:00:00
4740807;592111;Bystøice pod Lopeníkem;;;;;17132;Bystøice pod Lopeníkem;;;è.p.;331;;;68755;517373.06;1193368.15;2018-04-10T00:00:00
4740815;592111;Bystøice pod Lopeníkem;;;;;17132;Bystøice pod Lopeníkem;;;è.p.;332;;;68755;517239.05;1193371.55;2013-12-04T00:00:00
4740823;592111;Bystøice pod Lopeníkem;;;;;17132;Bystøice pod Lopeníkem;;;è.p.;333;;;68755;517535.31;1193326.44;2013-12-04T00:00:00
4740831;592111;Bystøice pod Lopeníkem;;;;;17132;Bystøice pod Lopeníkem;;;è.p.;334;;;68755;517633.03;1193345.62;2013-12-04T00:00:00
4740840;592111;Bystøice pod Lopeníkem;;;;;17132;Bystøice pod Lopeníkem;;;è.p.;335;;;68755;516299.03;1194010.07;2013-12-04T00:00:00
4740858;592111;Bystøice pod Lopeníkem;;;;;17132;Bystøice pod Lopeníkem;;;è.p.;337;;;68755;517340.20;1193333.28;2013-12-04T00:00:00
4740866;592111;Bystøice pod Lopeníkem;;;;;17132;Bystøice pod Lopeníkem;;;è.p.;338;;;68755;517364.82;1193298.13;2013-12-04T00:00:00
4740874;592111;Bystøice pod Lopeníkem;;;;;17132;Bystøice pod Lopeníkem;;;è.p.;339;;;68755;516859.79;1193442.93;2022-11-17T00:00:00
4740882;592111;Bystøice pod Lopeníkem;;;;;17132;Bystøice pod Lopeníkem;;;è.p.;340;;;68755;516392.10;1193945.65;2013-12-04T00:00:00
4740891;592111;Bystøice pod Lopeníkem;;;;;17132;Bystøice pod Lopeníkem;;;è.p.;341;;;68755;517350.52;1193311.59;2013-12-04T00:00:00
4740904;592111;Bystøice pod Lopeníkem;;;;;17132;Bystøice pod Lopeníkem;;;è.p.;342;;;68755;517412.02;1193474.33;2013-12-04T00:00:00
4740912;592111;Bystøice pod Lopeníkem;;;;;17132;Bystøice pod Lopeníkem;;;è.p.;343;;;68755;517507.08;1193372.21;2013-12-04T00:00:00
4740921;592111;Bystøice pod Lopeníkem;;;;;17132;Bystøice pod Lopeníkem;;;è.p.;344;;;68755;517335.41;1193343.25;2013-12-04T00:00:00
4740939;592111;Bystøice pod Lopeníkem;;;;;17132;Bystøice pod Lopeníkem;;;è.p.;345;;;68755;517414.71;1193246.02;2013-12-04T00:00:00
4740947;592111;Bystøice pod Lopeníkem;;;;;17132;Bystøice pod Lopeníkem;;;è.p.;346;;;68755;517446.43;1193449.35;2013-12-04T00:00:00
4740955;592111;Bystøice pod Lopeníkem;;;;;17132;Bystøice pod Lopeníkem;;;è.p.;347;;;68755;516661.40;1193518.73;2013-12-04T00:00:00
4740963;592111;Bystøice pod Lopeníkem;;;;;17132;Bystøice pod Lopeníkem;;;è.p.;348;;;68755;516410.98;1193860.51;2013-12-04T00:00:00
4740971;592111;Bystøice pod Lopeníkem;;;;;17132;Bystøice pod Lopeníkem;;;è.p.;349;;;68755;517740.22;1193352.49;2013-12-04T00:00:00
4740980;592111;Bystøice pod Lopeníkem;;;;;17132;Bystøice pod Lopeníkem;;;è.p.;350;;;68755;517371.28;1193289.19;2013-12-04T00:00:00
4740998;592111;Bystøice pod Lopeníkem;;;;;17132;Bystøice pod Lopeníkem;;;è.p.;351;;;68755;516319.09;1193880.51;2022-11-17T00:00:00
4741005;592111;Bystøice pod Lopeníkem;;;;;17132;Bystøice pod Lopeníkem;;;è.p.;352;;;68755;516296.38;1193677.07;2022-11-17T00:00:00
4741013;592111;Bystøice pod Lopeníkem;;;;;17132;Bystøice pod Lopeníkem;;;è.p.;353;;;68755;516516.68;1193707.06;2013-12-04T00:00:00
4741021;592111;Bystøice pod Lopeníkem;;;;;17132;Bystøice pod Lopeníkem;;;è.p.;354;;;68755;516882.67;1193393.60;2013-12-04T00:00:00
4741030;592111;Bystøice pod Lopeníkem;;;;;17132;Bystøice pod Lopeníkem;;;è.p.;355;;;68755;516303.52;1193967.99;2013-12-04T00:00:00
4741048;592111;Bystøice pod Lopeníkem;;;;;17132;Bystøice pod Lopeníkem;;;è.p.;356;;;68755;517470.38;1193367.23;2013-12-04T00:00:00
4741056;592111;Bystøice pod Lopeníkem;;;;;17132;Bystøice pod Lopeníkem;;;è.p.;357;;;68755;516211.59;1193896.06;2022-11-17T00:00:00
4741064;592111;Bystøice pod Lopeníkem;;;;;17132;Bystøice pod Lopeníkem;;;è.p.;358;;;68755;516436.32;1194033.63;2022-11-17T00:00:00
4741072;592111;Bystøice pod Lopeníkem;;;;;17132;Bystøice pod Lopeníkem;;;è.p.;359;;;68755;516524.69;1193698.58;2013-12-04T00:00:00
4741081;592111;Bystøice pod Lopeníkem;;;;;17132;Bystøice pod Lopeníkem;;;è.p.;361;;;68755;516280.89;1193761.65;2013-12-04T00:00:00
4741099;592111;Bystøice pod Lopeníkem;;;;;17132;Bystøice pod Lopeníkem;;;è.p.;362;;;68755;517395.06;1193268.98;2013-12-04T00:00:00
4741102;592111;Bystøice pod Lopeníkem;;;;;17132;Bystøice pod Lopeníkem;;;è.p.;363;;;68755;517408.25;1193252.39;2013-12-04T00:00:00
4741111;592111;Bystøice pod Lopeníkem;;;;;17132;Bystøice pod Lopeníkem;;;è.p.;364;;;68755;516508.47;1193921.51;2013-12-04T00:00:00
4741129;592111;Bystøice pod Lopeníkem;;;;;17132;Bystøice pod Lopeníkem;;;è.p.;365;;;68755;516765.27;1193337.37;2022-11-17T00:00:00
4741137;592111;Bystøice pod Lopeníkem;;;;;17132;Bystøice pod Lopeníkem;;;è.p.;366;;;68755;516997.74;1193436.15;2013-12-04T00:00:00
4741145;592111;Bystøice pod Lopeníkem;;;;;17132;Bystøice pod Lopeníkem;;;è.p.;367;;;68755;516796.76;1193321.66;2013-12-04T00:00:00
4741153;592111;Bystøice pod Lopeníkem;;;;;17132;Bystøice pod Lopeníkem;;;è.p.;368;;;68755;517139.81;1193254.36;2013-12-04T00:00:00
4741161;592111;Bystøice pod Lopeníkem;;;;;17132;Bystøice pod Lopeníkem;;;è.p.;370;;;68755;516452.30;1193840.89;2016-05-25T00:00:00
4741170;592111;Bystøice pod Lopeníkem;;;;;17132;Bystøice pod Lopeníkem;;;è.p.;371;;;68755;516424.47;1194031.56;2013-12-04T00:00:00
4741188;592111;Bystøice pod Lopeníkem;;;;;17132;Bystøice pod Lopeníkem;;;è.p.;372;;;68755;516613.88;1193385.86;2013-12-04T00:00:00
4741196;592111;Bystøice pod Lopeníkem;;;;;17132;Bystøice pod Lopeníkem;;;è.p.;373;;;68755;516106.65;1193914.13;2022-11-17T00:00:00
4741200;592111;Bystøice pod Lopeníkem;;;;;17132;Bystøice pod Lopeníkem;;;è.p.;374;;;68755;517143.19;1193385.94;2013-12-04T00:00:00
4741218;592111;Bystøice pod Lopeníkem;;;;;17132;Bystøice pod Lopeníkem;;;è.p.;376;;;68755;516416.15;1194004.91;2013-12-04T00:00:00
4741226;592111;Bystøice pod Lopeníkem;;;;;17132;Bystøice pod Lopeníkem;;;è.p.;377;;;68755;516829.58;1193343.23;2013-12-04T00:00:00
4741234;592111;Bystøice pod Lopeníkem;;;;;17132;Bystøice pod Lopeníkem;;;è.p.;379;;;68755;516327.65;1193662.37;2013-12-04T00:00:00
4741242;592111;Bystøice pod Lopeníkem;;;;;17132;Bystøice pod Lopeníkem;;;è.p.;380;;;68755;516308.29;1193951.74;2022-11-17T00:00:00
4741251;592111;Bystøice pod Lopeníkem;;;;;17132;Bystøice pod Lopeníkem;;;è.p.;381;;;68755;516282.05;1193913.59;2013-12-04T00:00:00
4741269;592111;Bystøice pod Lopeníkem;;;;;17132;Bystøice pod Lopeníkem;;;è.p.;382;;;68755;516303.89;1193983.84;2022-11-17T00:00:00
4741277;592111;Bystøice pod Lopeníkem;;;;;17132;Bystøice pod Lopeníkem;;;è.p.;383;;;68755;517255.64;1193364.16;2013-12-04T00:00:00
24972738;592111;Bystøice pod Lopeníkem;;;;;17132;Bystøice pod Lopeníkem;;;è.p.;30;;;68755;516733.55;1193473.59;2013-12-04T00:00:00
24972746;592111;Bystøice pod Lopeníkem;;;;;17132;Bystøice pod Lopeníkem;;;è.p.;34;;;68755;516570.77;1193542.33;2022-11-17T00:00:00
24972754;592111;Bystøice pod Lopeníkem;;;;;17132;Bystøice pod Lopeníkem;;;è.p.;35;;;68755;516517.13;1193560.23;2013-12-04T00:00:00
24972771;592111;Bystøice pod Lopeníkem;;;;;17132;Bystøice pod Lopeníkem;;;è.p.;46;;;68755;516582.53;1193584.38;2013-12-04T00:00:00
24972789;592111;Bystøice pod Lopeníkem;;;;;17132;Bystøice pod Lopeníkem;;;è.p.;49;;;68755;516641.18;1193558.83;2013-12-04T00:00:00
24972797;592111;Bystøice pod Lopeníkem;;;;;17132;Bystøice pod Lopeníkem;;;è.p.;54;;;68755;516707.92;1193534.17;2013-12-04T00:00:00
24972819;592111;Bystøice pod Lopeníkem;;;;;17132;Bystøice pod Lopeníkem;;;è.p.;64;;;68755;516821.39;1193464.08;2013-12-04T00:00:00
24972827;592111;Bystøice pod Lopeníkem;;;;;17132;Bystøice pod Lopeníkem;;;è.p.;65;;;68755;516835.97;1193451.19;2016-05-25T00:00:00
24972835;592111;Bystøice pod Lopeníkem;;;;;17132;Bystøice pod Lopeníkem;;;è.p.;68;;;68755;516870.86;1193438.60;2022-11-17T00:00:00
24972843;592111;Bystøice pod Lopeníkem;;;;;17132;Bystøice pod Lopeníkem;;;è.p.;71;;;68755;516909.92;1193431.18;2013-12-04T00:00:00
24972851;592111;Bystøice pod Lopeníkem;;;;;17132;Bystøice pod Lopeníkem;;;è.p.;72;;;68755;516926.63;1193431.98;2013-12-04T00:00:00
24972860;592111;Bystøice pod Lopeníkem;;;;;17132;Bystøice pod Lopeníkem;;;è.p.;78;;;68755;517721.06;1193345.09;2013-12-04T00:00:00
24972878;592111;Bystøice pod Lopeníkem;;;;;17132;Bystøice pod Lopeníkem;;;è.p.;79;;;68755;518061.46;1193849.84;2013-12-04T00:00:00
24972908;592111;Bystøice pod Lopeníkem;;;;;17132;Bystøice pod Lopeníkem;;;è.p.;89;;;68755;516521.01;1193626.33;2013-12-04T00:00:00
24972916;592111;Bystøice pod Lopeníkem;;;;;17132;Bystøice pod Lopeníkem;;;è.p.;92;;;68755;516476.35;1193680.42;2022-11-17T00:00:00
24972924;592111;Bystøice pod Lopeníkem;;;;;17132;Bystøice pod Lopeníkem;;;è.p.;95;;;68755;516499.56;1193651.78;2022-11-17T00:00:00
24972932;592111;Bystøice pod Lopeníkem;;;;;17132;Bystøice pod Lopeníkem;;;è.p.;96;;;68755;516500.48;1193642.91;2022-11-17T00:00:00
24972959;592111;Bystøice pod Lopeníkem;;;;;17132;Bystøice pod Lopeníkem;;;è.p.;103;;;68755;516490.71;1193605.50;2013-12-04T00:00:00
24972975;592111;Bystøice pod Lopeníkem;;;;;17132;Bystøice pod Lopeníkem;;;è.p.;107;;;68755;516376.78;1193700.04;2013-12-04T00:00:00
24972983;592111;Bystøice pod Lopeníkem;;;;;17132;Bystøice pod Lopeníkem;;;è.p.;108;;;68755;516365.81;1193661.20;2013-12-04T00:00:00
24972991;592111;Bystøice pod Lopeníkem;;;;;17132;Bystøice pod Lopeníkem;;;è.p.;109;;;68755;516357.05;1193669.73;2013-12-04T00:00:00
24973009;592111;Bystøice pod Lopeníkem;;;;;17132;Bystøice pod Lopeníkem;;;è.p.;110;;;68755;516372.38;1193703.77;2013-12-04T00:00:00
24973017;592111;Bystøice pod Lopeníkem;;;;;17132;Bystøice pod Lopeníkem;;;è.p.;112;;;68755;516476.16;1193697.82;2013-12-04T00:00:00
24973025;592111;Bystøice pod Lopeníkem;;;;;17132;Bystøice pod Lopeníkem;;;è.p.;116;;;68755;516539.68;1193468.96;2013-12-04T00:00:00
24973033;592111;Bystøice pod Lopeníkem;;;;;17132;Bystøice pod Lopeníkem;;;è.p.;120;;;68755;516340.60;1193740.20;2013-12-04T00:00:00
24973041;592111;Bystøice pod Lopeníkem;;;;;17132;Bystøice pod Lopeníkem;;;è.p.;122;;;68755;516356.71;1193723.96;2013-12-04T00:00:00
24973050;592111;Bystøice pod Lopeníkem;;;;;17132;Bystøice pod Lopeníkem;;;è.p.;124;;;68755;517187.90;1193394.51;2013-12-04T00:00:00
24973068;592111;Bystøice pod Lopeníkem;;;;;17132;Bystøice pod Lopeníkem;;;è.p.;126;;;68755;516400.00;1193647.70;2013-12-04T00:00:00
24973076;592111;Bystøice pod Lopeníkem;;;;;17132;Bystøice pod Lopeníkem;;;è.p.;129;;;68755;516636.93;1193410.39;2022-11-17T00:00:00
24973084;592111;Bystøice pod Lopeníkem;;;;;17132;Bystøice pod Lopeníkem;;;è.p.;135;;;68755;516616.13;1193419.21;2013-12-04T00:00:00
24973092;592111;Bystøice pod Lopeníkem;;;;;17132;Bystøice pod Lopeníkem;;;è.p.;136;;;68755;516551.61;1193543.66;2013-12-04T00:00:00
24973106;592111;Bystøice pod Lopeníkem;;;;;17132;Bystøice pod Lopeníkem;;;è.p.;138;;;68755;516558.07;1193621.48;2013-12-04T00:00:00
24973114;592111;Bystøice pod Lopeníkem;;;;;17132;Bystøice pod Lopeníkem;;;è.p.;142;;;68755;516406.07;1193673.05;2022-11-17T00:00:00
24973122;592111;Bystøice pod Lopeníkem;;;;;17132;Bystøice pod Lopeníkem;;;è.p.;143;;;68755;517043.89;1193389.22;2013-12-04T00:00:00
24973131;592111;Bystøice pod Lopeníkem;;;;;17132;Bystøice pod Lopeníkem;;;è.p.;151;;;68755;516546.47;1193578.20;2022-11-17T00:00:00
24973149;592111;Bystøice pod Lopeníkem;;;;;17132;Bystøice pod Lopeníkem;;;è.p.;152;;;68755;517622.88;1193349.49;2013-12-04T00:00:00
24973157;592111;Bystøice pod Lopeníkem;;;;;17132;Bystøice pod Lopeníkem;;;è.p.;153;;;68755;516340.36;1193706.35;2013-12-04T00:00:00
24973165;592111;Bystøice pod Lopeníkem;;;;;17132;Bystøice pod Lopeníkem;;;è.p.;156;;;68755;516318.47;1193734.33;2022-11-17T00:00:00
24973173;592111;Bystøice pod Lopeníkem;;;;;17132;Bystøice pod Lopeníkem;;;è.p.;163;;;68755;516818.58;1193446.60;2013-12-04T00:00:00
24973181;592111;Bystøice pod Lopeníkem;;;;;17132;Bystøice pod Lopeníkem;;;è.p.;168;;;68755;517166.79;1193416.65;2013-12-04T00:00:00
24973190;592111;Bystøice pod Lopeníkem;;;;;17132;Bystøice pod Lopeníkem;;;è.p.;170;;;68755;517038.24;1193387.51;2022-11-17T00:00:00
24973203;592111;Bystøice pod Lopeníkem;;;;;17132;Bystøice pod Lopeníkem;;;è.p.;173;;;68755;517241.45;1193402.48;2013-12-04T00:00:00
24973211;592111;Bystøice pod Lopeníkem;;;;;17132;Bystøice pod Lopeníkem;;;è.p.;174;;;68755;517218.27;1193406.42;2013-12-04T00:00:00
24973220;592111;Bystøice pod Lopeníkem;;;;;17132;Bystøice pod Lopeníkem;;;è.p.;176;;;68755;516259.31;1193897.37;2013-12-04T00:00:00
24973238;592111;Bystøice pod Lopeníkem;;;;;17132;Bystøice pod Lopeníkem;;;è.p.;185;;;68755;517445.13;1193331.98;2013-12-04T00:00:00
24973246;592111;Bystøice pod Lopeníkem;;;;;17132;Bystøice pod Lopeníkem;;;è.p.;186;;;68755;517420.88;1193334.49;2013-12-04T00:00:00
24973254;592111;Bystøice pod Lopeníkem;;;;;17132;Bystøice pod Lopeníkem;;;è.p.;188;;;68755;517481.08;1193339.54;2013-12-04T00:00:00
24973262;592111;Bystøice pod Lopeníkem;;;;;17132;Bystøice pod Lopeníkem;;;è.p.;196;;;68755;516309.59;1193780.91;2022-11-17T00:00:00
24973271;592111;Bystøice pod Lopeníkem;;;;;17132;Bystøice pod Lopeníkem;;;è.p.;200;;;68755;516186.64;1193878.96;2013-12-04T00:00:00
24973289;592111;Bystøice pod Lopeníkem;;;;;17132;Bystøice pod Lopeníkem;;;è.p.;207;;;68755;516282.28;1193828.90;2022-11-17T00:00:00
24973297;592111;Bystøice pod Lopeníkem;;;;;17132;Bystøice pod Lopeníkem;;;è.p.;209;;;68755;516140.54;1193805.20;2022-11-17T00:00:00
24973301;592111;Bystøice pod Lopeníkem;;;;;17132;Bystøice pod Lopeníkem;;;è.p.;210;;;68755;517358.89;1193375.10;2022-11-17T00:00:00
24973319;592111;Bystøice pod Lopeníkem;;;;;17132;Bystøice pod Lopeníkem;;;è.p.;214;;;68755;516145.32;1193894.22;2022-11-17T00:00:00
24973327;592111;Bystøice pod Lopeníkem;;;;;17132;Bystøice pod Lopeníkem;;;è.p.;216;;;68755;517585.09;1193355.58;2013-12-04T00:00:00
24973335;592111;Bystøice pod Lopeníkem;;;;;17132;Bystøice pod Lopeníkem;;;è.p.;218;;;68755;516484.97;1193805.44;2013-12-04T00:00:00
24973343;592111;Bystøice pod Lopeníkem;;;;;17132;Bystøice pod Lopeníkem;;;è.p.;219;;;68755;517271.11;1193361.82;2013-12-04T00:00:00
24973360;592111;Bystøice pod Lopeníkem;;;;;17132;Bystøice pod Lopeníkem;;;è.p.;224;;;68755;516514.22;1193941.47;2022-11-17T00:00:00
24973378;592111;Bystøice pod Lopeníkem;;;;;17132;Bystøice pod Lopeníkem;;;è.p.;234;;;68755;517488.69;1193368.78;2013-12-04T00:00:00
24973386;592111;Bystøice pod Lopeníkem;;;;;17132;Bystøice pod Lopeníkem;;;è.p.;242;;;68755;516030.89;1193782.88;2013-12-04T00:00:00
24973394;592111;Bystøice pod Lopeníkem;;;;;17132;Bystøice pod Lopeníkem;;;è.p.;245;;;68755;516627.15;1193522.33;2013-12-04T00:00:00
24973408;592111;Bystøice pod Lopeníkem;;;;;17132;Bystøice pod Lopeníkem;;;è.p.;249;;;68755;516080.86;1193794.67;2022-11-17T00:00:00
24973416;592111;Bystøice pod Lopeníkem;;;;;17132;Bystøice pod Lopeníkem;;;è.p.;250;;;68755;516098.66;1193805.00;2013-12-04T00:00:00
24973424;592111;Bystøice pod Lopeníkem;;;;;17132;Bystøice pod Lopeníkem;;;è.p.;259;;;68755;516303.00;1193790.75;2022-11-17T00:00:00
24973432;592111;Bystøice pod Lopeníkem;;;;;17132;Bystøice pod Lopeníkem;;;è.p.;260;;;68755;516146.38;1193809.08;2013-12-04T00:00:00
24973441;592111;Bystøice pod Lopeníkem;;;;;17132;Bystøice pod Lopeníkem;;;è.p.;261;;;68755;516136.33;1193900.94;2022-11-17T00:00:00
24973459;592111;Bystøice pod Lopeníkem;;;;;17132;Bystøice pod Lopeníkem;;;è.p.;262;;;68755;516834.29;1193396.18;2013-12-04T00:00:00
24973467;592111;Bystøice pod Lopeníkem;;;;;17132;Bystøice pod Lopeníkem;;;è.p.;264;;;68755;516800.53;1193382.97;2013-12-04T00:00:00
24973475;592111;Bystøice pod Lopeníkem;;;;;17132;Bystøice pod Lopeníkem;;;è.p.;269;;;68755;517138.97;1193178.84;2013-12-04T00:00:00
24973483;592111;Bystøice pod Lopeníkem;;;;;17132;Bystøice pod Lopeníkem;;;è.p.;284;;;68755;516472.58;1193972.76;2013-12-04T00:00:00
24973491;592111;Bystøice pod Lopeníkem;;;;;17132;Bystøice pod Lopeníkem;;;è.p.;287;;;68755;516471.51;1193993.40;2013-12-04T00:00:00
24973505;592111;Bystøice pod Lopeníkem;;;;;17132;Bystøice pod Lopeníkem;;;è.p.;297;;;68755;516519.52;1193770.55;2013-12-04T00:00:00
24973513;592111;Bystøice pod Lopeníkem;;;;;17132;Bystøice pod Lopeníkem;;;è.p.;313;;;68755;517375.73;1193495.94;2013-12-04T00:00:00
24973521;592111;Bystøice pod Lopeníkem;;;;;17132;Bystøice pod Lopeníkem;;;è.p.;318;;;68755;516471.01;1193982.75;2013-12-04T00:00:00
24973530;592111;Bystøice pod Lopeníkem;;;;;17132;Bystøice pod Lopeníkem;;;è.p.;336;;;68755;516086.37;1193926.99;2013-12-04T00:00:00
24973548;592111;Bystøice pod Lopeníkem;;;;;17132;Bystøice pod Lopeníkem;;;è.p.;360;;;68755;516815.92;1193405.47;2013-12-04T00:00:00
24973556;592111;Bystøice pod Lopeníkem;;;;;17132;Bystøice pod Lopeníkem;;;è.p.;369;;;68755;516195.09;1193843.92;2022-11-17T00:00:00
24973564;592111;Bystøice pod Lopeníkem;;;;;17132;Bystøice pod Lopeníkem;;;è.p.;375;;;68755;516472.43;1193538.66;2013-12-04T00:00:00
24973572;592111;Bystøice pod Lopeníkem;;;;;17132;Bystøice pod Lopeníkem;;;è.p.;378;;;68755;516540.68;1193556.99;2022-11-17T00:00:00
24973581;592111;Bystøice pod Lopeníkem;;;;;17132;Bystøice pod Lopeníkem;;;è.p.;384;;;68755;514706.21;1195927.81;2022-11-17T00:00:00
24973599;592111;Bystøice pod Lopeníkem;;;;;17132;Bystøice pod Lopeníkem;;;è.p.;385;;;68755;515444.04;1196488.79;2022-11-17T00:00:00
24973602;592111;Bystøice pod Lopeníkem;;;;;17132;Bystøice pod Lopeníkem;;;è.p.;386;;;68755;516770.65;1193386.49;2013-12-04T00:00:00
24973611;592111;Bystøice pod Lopeníkem;;;;;17132;Bystøice pod Lopeníkem;;;è.p.;387;;;68755;514794.18;1196087.42;2013-12-04T00:00:00
24973629;592111;Bystøice pod Lopeníkem;;;;;17132;Bystøice pod Lopeníkem;;;è.p.;130;;;68755;516460.40;1193589.43;2013-12-04T00:00:00
25266934;592111;Bystøice pod Lopeníkem;;;;;17132;Bystøice pod Lopeníkem;;;è.p.;388;;;68755;516070.11;1193820.81;2022-11-17T00:00:00
25305310;592111;Bystøice pod Lopeníkem;;;;;17132;Bystøice pod Lopeníkem;;;è.p.;389;;;68755;517515.98;1193042.05;2013-12-04T00:00:00
25314971;592111;Bystøice pod Lopeníkem;;;;;17132;Bystøice pod Lopeníkem;;;è.p.;390;;;68755;515411.87;1196489.86;2013-12-04T00:00:00
25426770;592111;Bystøice pod Lopeníkem;;;;;17132;Bystøice pod Lopeníkem;;;è.p.;391;;;68755;516545.06;1193447.97;2013-12-04T00:00:00
26571889;592111;Bystøice pod Lopeníkem;;;;;17132;Bystøice pod Lopeníkem;;;è.ev.;75;;;68755;517832.26;1193513.11;2013-12-04T00:00:00
26573440;592111;Bystøice pod Lopeníkem;;;;;17132;Bystøice pod Lopeníkem;;;è.ev.;73;;;68755;517832.97;1193532.44;2013-12-04T00:00:00
26580071;592111;Bystøice pod Lopeníkem;;;;;17132;Bystøice pod Lopeníkem;;;è.ev.;70;;;68755;516193.29;1194966.88;2013-12-04T00:00:00
26580918;592111;Bystøice pod Lopeníkem;;;;;17132;Bystøice pod Lopeníkem;;;è.ev.;72;;;68755;517857.43;1193605.97;2013-12-04T00:00:00
26583186;592111;Bystøice pod Lopeníkem;;;;;17132;Bystøice pod Lopeníkem;;;è.ev.;74;;;68755;517197.45;1193503.96;2013-12-04T00:00:00
26591235;592111;Bystøice pod Lopeníkem;;;;;17132;Bystøice pod Lopeníkem;;;è.ev.;71;;;68755;517832.71;1193569.91;2022-11-17T00:00:00
26988283;592111;Bystøice pod Lopeníkem;;;;;17132;Bystøice pod Lopeníkem;;;è.p.;15;;;68755;516772.11;1193332.77;2022-11-17T00:00:00
26988291;592111;Bystøice pod Lopeníkem;;;;;17132;Bystøice pod Lopeníkem;;;è.p.;39;;;68755;516433.08;1193603.08;2013-12-04T00:00:00
26988305;592111;Bystøice pod Lopeníkem;;;;;17132;Bystøice pod Lopeníkem;;;è.p.;40;;;68755;516414.83;1193637.75;2013-12-04T00:00:00
26988313;592111;Bystøice pod Lopeníkem;;;;;17132;Bystøice pod Lopeníkem;;;è.p.;41;;;68755;516585.11;1193425.62;2022-11-17T00:00:00
26988321;592111;Bystøice pod Lopeníkem;;;;;17132;Bystøice pod Lopeníkem;;;è.p.;42;;;68755;516455.47;1193700.13;2022-11-17T00:00:00
26988330;592111;Bystøice pod Lopeníkem;;;;;17132;Bystøice pod Lopeníkem;;;è.p.;43;;;68755;516474.59;1193624.84;2022-11-17T00:00:00
26988348;592111;Bystøice pod Lopeníkem;;;;;17132;Bystøice pod Lopeníkem;;;è.p.;44;;;68755;516508.71;1193592.51;2013-12-04T00:00:00
26988356;592111;Bystøice pod Lopeníkem;;;;;17132;Bystøice pod Lopeníkem;;;è.p.;166;;;68755;516162.35;1193849.30;2013-12-04T00:00:00
26988364;592111;Bystøice pod Lopeníkem;;;;;17132;Bystøice pod Lopeníkem;;;è.p.;239;;;68755;516183.51;1193816.82;2013-12-04T00:00:00
26988372;592111;Bystøice pod Lopeníkem;;;;;17132;Bystøice pod Lopeníkem;;;è.ev.;1;;;68755;514241.99;1195054.28;2022-11-17T00:00:00
26988381;592111;Bystøice pod Lopeníkem;;;;;17132;Bystøice pod Lopeníkem;;;è.ev.;2;;;68755;514717.56;1195657.50;2022-11-17T00:00:00
26988399;592111;Bystøice pod Lopeníkem;;;;;17132;Bystøice pod Lopeníkem;;;è.ev.;3;;;68755;514729.77;1195654.81;2022-11-17T00:00:00
26988402;592111;Bystøice pod Lopeníkem;;;;;17132;Bystøice pod Lopeníkem;;;è.ev.;4;;;68755;514740.51;1195657.91;2022-11-17T00:00:00
26988411;592111;Bystøice pod Lopeníkem;;;;;17132;Bystøice pod Lopeníkem;;;è.ev.;5;;;68755;514760.88;1195668.58;2022-11-17T00:00:00
26988429;592111;Bystøice pod Lopeníkem;;;;;17132;Bystøice pod Lopeníkem;;;è.ev.;6;;;68755;514773.33;1195676.11;2022-11-17T00:00:00
26988437;592111;Bystøice pod Lopeníkem;;;;;17132;Bystøice pod Lopeníkem;;;è.ev.;7;;;68755;514815.31;1195698.91;2022-11-17T00:00:00
26988445;592111;Bystøice pod Lopeníkem;;;;;17132;Bystøice pod Lopeníkem;;;è.ev.;8;;;68755;514832.28;1195718.37;2022-11-17T00:00:00
26988470;592111;Bystøice pod Lopeníkem;;;;;17132;Bystøice pod Lopeníkem;;;è.ev.;11;;;68755;514107.50;1194896.88;2014-01-10T00:00:00
26988488;592111;Bystøice pod Lopeníkem;;;;;17132;Bystøice pod Lopeníkem;;;è.ev.;12;;;68755;514664.03;1195716.00;2022-11-17T00:00:00
26988496;592111;Bystøice pod Lopeníkem;;;;;17132;Bystøice pod Lopeníkem;;;è.ev.;13;;;68755;514834.36;1195973.57;2022-11-17T00:00:00
26988500;592111;Bystøice pod Lopeníkem;;;;;17132;Bystøice pod Lopeníkem;;;è.ev.;14;;;68755;514857.62;1195872.82;2022-11-17T00:00:00
26988518;592111;Bystøice pod Lopeníkem;;;;;17132;Bystøice pod Lopeníkem;;;è.ev.;15;;;68755;514848.94;1196186.95;2022-11-17T00:00:00
26988526;592111;Bystøice pod Lopeníkem;;;;;17132;Bystøice pod Lopeníkem;;;è.ev.;16;;;68755;514802.68;1196139.19;2022-11-17T00:00:00
26988534;592111;Bystøice pod Lopeníkem;;;;;17132;Bystøice pod Lopeníkem;;;è.ev.;17;;;68755;514820.57;1196176.53;2013-12-04T00:00:00
26988542;592111;Bystøice pod Lopeníkem;;;;;17132;Bystøice pod Lopeníkem;;;è.ev.;18;;;68755;514832.03;1196187.82;2022-11-17T00:00:00
26988551;592111;Bystøice pod Lopeníkem;;;;;17132;Bystøice pod Lopeníkem;;;è.ev.;19;;;68755;514856.93;1195924.33;2022-11-17T00:00:00
26988569;592111;Bystøice pod Lopeníkem;;;;;17132;Bystøice pod Lopeníkem;;;è.ev.;20;;;68755;514864.81;1195905.73;2022-11-17T00:00:00
26988577;592111;Bystøice pod Lopeníkem;;;;;17132;Bystøice pod Lopeníkem;;;è.ev.;21;;;68755;514807.94;1196018.98;2022-11-17T00:00:00
26988585;592111;Bystøice pod Lopeníkem;;;;;17132;Bystøice pod Lopeníkem;;;è.ev.;22;;;68755;514821.96;1196166.21;2022-11-17T00:00:00
26988593;592111;Bystøice pod Lopeníkem;;;;;17132;Bystøice pod Lopeníkem;;;è.ev.;23;;;68755;514053.22;1194827.46;2022-11-17T00:00:00
26988607;592111;Bystøice pod Lopeníkem;;;;;17132;Bystøice pod Lopeníkem;;;è.ev.;24;;;68755;514798.94;1196058.55;2022-11-17T00:00:00
26988615;592111;Bystøice pod Lopeníkem;;;;;17132;Bystøice pod Lopeníkem;;;è.ev.;25;;;68755;514681.30;1195959.33;2022-11-17T00:00:00
26988623;592111;Bystøice pod Lopeníkem;;;;;17132;Bystøice pod Lopeníkem;;;è.ev.;26;;;68755;514825.61;1196112.65;2022-11-17T00:00:00
26988631;592111;Bystøice pod Lopeníkem;;;;;17132;Bystøice pod Lopeníkem;;;è.ev.;27;;;68755;514834.65;1196121.96;2022-11-17T00:00:00
26988640;592111;Bystøice pod Lopeníkem;;;;;17132;Bystøice pod Lopeníkem;;;è.ev.;28;;;68755;514840.84;1196106.48;2022-11-17T00:00:00
26988658;592111;Bystøice pod Lopeníkem;;;;;17132;Bystøice pod Lopeníkem;;;è.ev.;29;;;68755;514821.12;1196090.73;2022-11-17T00:00:00
26988666;592111;Bystøice pod Lopeníkem;;;;;17132;Bystøice pod Lopeníkem;;;è.ev.;30;;;68755;514881.55;1195854.17;2022-11-17T00:00:00
26988674;592111;Bystøice pod Lopeníkem;;;;;17132;Bystøice pod Lopeníkem;;;è.ev.;32;;;68755;514904.63;1195832.46;2022-11-17T00:00:00
26988682;592111;Bystøice pod Lopeníkem;;;;;17132;Bystøice pod Lopeníkem;;;è.ev.;33;;;68755;514870.52;1195892.87;2022-11-17T00:00:00
26988691;592111;Bystøice pod Lopeníkem;;;;;17132;Bystøice pod Lopeníkem;;;è.ev.;34;;;68755;514797.85;1195678.94;2022-11-17T00:00:00
26988704;592111;Bystøice pod Lopeníkem;;;;;17132;Bystøice pod Lopeníkem;;;è.ev.;35;;;68755;514785.51;1195675.01;2013-12-04T00:00:00
26988712;592111;Bystøice pod Lopeníkem;;;;;17132;Bystøice pod Lopeníkem;;;è.ev.;37;;;68755;514875.09;1196210.27;2022-11-17T00:00:00
26988721;592111;Bystøice pod Lopeníkem;;;;;17132;Bystøice pod Lopeníkem;;;è.ev.;38;;;68755;514828.66;1196074.21;2022-11-17T00:00:00
26988739;592111;Bystøice pod Lopeníkem;;;;;17132;Bystøice pod Lopeníkem;;;è.ev.;39;;;68755;514887.28;1196227.54;2022-11-17T00:00:00
26988747;592111;Bystøice pod Lopeníkem;;;;;17132;Bystøice pod Lopeníkem;;;è.ev.;40;;;68755;514847.38;1196208.06;2022-11-17T00:00:00
26988755;592111;Bystøice pod Lopeníkem;;;;;17132;Bystøice pod Lopeníkem;;;è.ev.;43;;;68755;513966.92;1194746.18;2022-11-17T00:00:00
26988763;592111;Bystøice pod Lopeníkem;;;;;17132;Bystøice pod Lopeníkem;;;è.ev.;44;;;68755;514886.59;1195884.65;2022-11-17T00:00:00
26988771;592111;Bystøice pod Lopeníkem;;;;;17132;Bystøice pod Lopeníkem;;;è.ev.;45;;;68755;514900.07;1195867.93;2022-11-17T00:00:00
26988780;592111;Bystøice pod Lopeníkem;;;;;17132;Bystøice pod Lopeníkem;;;è.ev.;46;;;68755;514897.95;1195878.36;2022-11-17T00:00:00
26988798;592111;Bystøice pod Lopeníkem;;;;;17132;Bystøice pod Lopeníkem;;;è.ev.;47;;;68755;514017.26;1194795.65;2022-11-17T00:00:00
26988801;592111;Bystøice pod Lopeníkem;;;;;17132;Bystøice pod Lopeníkem;;;è.ev.;48;;;68755;514024.20;1194797.13;2022-11-17T00:00:00
26988810;592111;Bystøice pod Lopeníkem;;;;;17132;Bystøice pod Lopeníkem;;;è.ev.;49;;;68755;513961.45;1194742.04;2022-11-17T00:00:00
26988828;592111;Bystøice pod Lopeníkem;;;;;17132;Bystøice pod Lopeníkem;;;è.ev.;50;;;68755;514088.74;1194884.75;2013-12-04T00:00:00
26988836;592111;Bystøice pod Lopeníkem;;;;;17132;Bystøice pod Lopeníkem;;;è.ev.;51;;;68755;514169.76;1194971.36;2022-11-17T00:00:00
26988844;592111;Bystøice pod Lopeníkem;;;;;17132;Bystøice pod Lopeníkem;;;è.ev.;54;;;68755;514208.30;1194995.58;2022-11-17T00:00:00
26988852;592111;Bystøice pod Lopeníkem;;;;;17132;Bystøice pod Lopeníkem;;;è.ev.;56;;;68755;514072.52;1194850.45;2022-11-17T00:00:00
26988861;592111;Bystøice pod Lopeníkem;;;;;17132;Bystøice pod Lopeníkem;;;è.ev.;58;;;68755;514834.01;1196057.41;2013-12-04T00:00:00
26988879;592111;Bystøice pod Lopeníkem;;;;;17132;Bystøice pod Lopeníkem;;;è.ev.;59;;;68755;514846.11;1195943.88;2013-12-04T00:00:00
26988887;592111;Bystøice pod Lopeníkem;;;;;17132;Bystøice pod Lopeníkem;;;è.ev.;60;;;68755;514915.30;1195802.83;2013-12-04T00:00:00
26988895;592111;Bystøice pod Lopeníkem;;;;;17132;Bystøice pod Lopeníkem;;;è.ev.;61;;;68755;514820.57;1195938.74;2022-11-17T00:00:00
26988909;592111;Bystøice pod Lopeníkem;;;;;17132;Bystøice pod Lopeníkem;;;è.ev.;62;;;68755;514818.39;1195943.85;2022-11-17T00:00:00
26988917;592111;Bystøice pod Lopeníkem;;;;;17132;Bystøice pod Lopeníkem;;;è.ev.;63;;;68755;515396.48;1196533.10;2022-11-17T00:00:00
26988925;592111;Bystøice pod Lopeníkem;;;;;17132;Bystøice pod Lopeníkem;;;è.ev.;64;;;68755;514635.16;1195726.70;2022-11-17T00:00:00
26988933;592111;Bystøice pod Lopeníkem;;;;;17132;Bystøice pod Lopeníkem;;;è.ev.;65;;;68755;514829.41;1195901.40;2022-11-17T00:00:00
26988941;592111;Bystøice pod Lopeníkem;;;;;17132;Bystøice pod Lopeníkem;;;è.ev.;66;;;68755;514905.90;1195764.31;2022-11-17T00:00:00
26988950;592111;Bystøice pod Lopeníkem;;;;;17132;Bystøice pod Lopeníkem;;;è.p.;404;;;68755;517206.45;1193378.61;2015-10-14T00:00:00
27248488;592111;Bystøice pod Lopeníkem;;;;;17132;Bystøice pod Lopeníkem;;;è.ev.;76;;;68755;517829.30;1193496.18;2013-12-04T00:00:00
27448401;592111;Bystøice pod Lopeníkem;;;;;17132;Bystøice pod Lopeníkem;;;è.ev.;77;;;68755;517844.08;1193586.29;2016-05-25T00:00:00
27489647;592111;Bystøice pod Lopeníkem;;;;;17132;Bystøice pod Lopeníkem;;;è.p.;392;;;68755;516384.80;1193856.07;2013-12-04T00:00:00
27642119;592111;Bystøice pod Lopeníkem;;;;;17132;Bystøice pod Lopeníkem;;;è.ev.;78;;;68755;517817.11;1193446.60;2019-03-04T00:00:00
27648231;592111;Bystøice pod Lopeníkem;;;;;17132;Bystøice pod Lopeníkem;;;è.ev.;79;;;68755;517824.27;1193477.25;2019-03-04T00:00:00
27922936;592111;Bystøice pod Lopeníkem;;;;;17132;Bystøice pod Lopeníkem;;;è.ev.;80;;;68755;517783.28;1193531.71;2013-12-04T00:00:00
28262719;592111;Bystøice pod Lopeníkem;;;;;17132;Bystøice pod Lopeníkem;;;è.p.;394;;;68755;516367.14;1193915.33;2022-11-17T00:00:00
28274211;592111;Bystøice pod Lopeníkem;;;;;17132;Bystøice pod Lopeníkem;;;è.ev.;81;;;68755;514453.08;1195232.46;2019-01-07T00:00:00
28377800;592111;Bystøice pod Lopeníkem;;;;;17132;Bystøice pod Lopeníkem;;;è.ev.;82;;;68755;516278.31;1193698.25;2019-01-07T00:00:00
28454235;592111;Bystøice pod Lopeníkem;;;;;17132;Bystøice pod Lopeníkem;;;è.p.;396;;;68755;517132.81;1193246.23;2019-01-07T00:00:00
30697743;592111;Bystøice pod Lopeníkem;;;;;17132;Bystøice pod Lopeníkem;;;è.ev.;55;;;68755;514841.24;1196043.55;2013-12-04T00:00:00
30697751;592111;Bystøice pod Lopeníkem;;;;;17132;Bystøice pod Lopeníkem;;;è.ev.;67;;;68755;514703.73;1195644.84;2022-11-17T00:00:00
31197299;592111;Bystøice pod Lopeníkem;;;;;17132;Bystøice pod Lopeníkem;;;è.ev.;31;;;68755;514899.50;1195849.03;2016-08-09T00:00:00
31197302;592111;Bystøice pod Lopeníkem;;;;;17132;Bystøice pod Lopeníkem;;;è.ev.;36;;;68755;514632.16;1195701.72;2017-08-09T00:00:00
31197311;592111;Bystøice pod Lopeníkem;;;;;17132;Bystøice pod Lopeníkem;;;è.ev.;41;;;68755;514845.52;1196030.14;2019-03-04T00:00:00
31197337;592111;Bystøice pod Lopeníkem;;;;;17132;Bystøice pod Lopeníkem;;;è.ev.;52;;;68755;517650.63;1193395.75;2013-12-04T00:00:00
31197345;592111;Bystøice pod Lopeníkem;;;;;17132;Bystøice pod Lopeníkem;;;è.ev.;53;;;68755;517557.56;1193396.29;2022-08-03T00:00:00
40381170;592111;Bystøice pod Lopeníkem;;;;;17132;Bystøice pod Lopeníkem;;;è.p.;12;;;68755;516076.65;1193936.39;2013-12-04T00:00:00
40383245;592111;Bystøice pod Lopeníkem;;;;;17132;Bystøice pod Lopeníkem;;;è.ev.;83;;;68755;514881.15;1195751.46;2013-12-04T00:00:00
40410048;592111;Bystøice pod Lopeníkem;;;;;17132;Bystøice pod Lopeníkem;;;è.ev.;84;;;68755;514074.55;1194856.45;2014-02-14T00:00:00
41738209;592111;Bystøice pod Lopeníkem;;;;;17132;Bystøice pod Lopeníkem;;;è.p.;397;;;68755;516389.12;1193513.81;2013-12-04T00:00:00
42176042;592111;Bystøice pod Lopeníkem;;;;;17132;Bystøice pod Lopeníkem;;;è.ev.;86;;;68755;517828.50;1193453.00;2013-12-04T00:00:00
42664900;592111;Bystøice pod Lopeníkem;;;;;17132;Bystøice pod Lopeníkem;;;è.p.;398;;;68755;516432.53;1193543.99;2013-12-04T00:00:00
70133611;592111;Bystøice pod Lopeníkem;;;;;17132;Bystøice pod Lopeníkem;;;è.ev.;85;;;68755;514011.70;1194759.34;2013-12-16T00:00:00
72736224;592111;Bystøice pod Lopeníkem;;;;;17132;Bystøice pod Lopeníkem;;;è.p.;399;;;68755;515855.90;1193780.31;2014-06-06T00:00:00
73039691;592111;Bystøice pod Lopeníkem;;;;;17132;Bystøice pod Lopeníkem;;;è.p.;400;;;68755;517002.86;1193392.64;2014-09-09T00:00:00
73188484;592111;Bystøice pod Lopeníkem;;;;;17132;Bystøice pod Lopeníkem;;;è.p.;401;;;68755;517016.81;1193386.88;2014-11-07T00:00:00
73666106;592111;Bystøice pod Lopeníkem;;;;;17132;Bystøice pod Lopeníkem;;;è.p.;402;;;68755;517354.56;1193480.56;2015-05-07T00:00:00
73765996;592111;Bystøice pod Lopeníkem;;;;;17132;Bystøice pod Lopeníkem;;;è.p.;403;;;68755;515838.96;1193779.33;2015-06-09T00:00:00
74197029;592111;Bystøice pod Lopeníkem;;;;;17132;Bystøice pod Lopeníkem;;;è.p.;393;;;68755;517286.42;1193511.24;2015-10-30T00:00:00
74404113;592111;Bystøice pod Lopeníkem;;;;;17132;Bystøice pod Lopeníkem;;;è.ev.;87;;;68755;517787.64;1193484.29;2015-12-22T00:00:00
75083477;592111;Bystøice pod Lopeníkem;;;;;17132;Bystøice pod Lopeníkem;;;è.p.;395;;;68755;516160.54;1193807.87;2016-06-06T00:00:00
75121611;592111;Bystøice pod Lopeníkem;;;;;17132;Bystøice pod Lopeníkem;;;è.ev.;88;;;68755;517685.38;1193438.14;2016-06-16T00:00:00
75342553;592111;Bystøice pod Lopeníkem;;;;;17132;Bystøice pod Lopeníkem;;;è.p.;407;;;68755;517066.86;1193239.04;2019-01-07T00:00:00
75471451;592111;Bystøice pod Lopeníkem;;;;;17132;Bystøice pod Lopeníkem;;;è.ev.;89;;;68755;517792.05;1193503.11;2016-10-31T00:00:00
75503778;592111;Bystøice pod Lopeníkem;;;;;17132;Bystøice pod Lopeníkem;;;è.p.;405;;;68755;516416.70;1193530.67;2016-11-08T00:00:00
75628759;592111;Bystøice pod Lopeníkem;;;;;17132;Bystøice pod Lopeníkem;;;è.p.;408;;;68755;516542.67;1193656.71;2016-12-08T00:00:00
76104770;592111;Bystøice pod Lopeníkem;;;;;17132;Bystøice pod Lopeníkem;;;è.p.;406;;;68755;517195.42;1193334.78;2017-04-21T00:00:00
78016240;592111;Bystøice pod Lopeníkem;;;;;17132;Bystøice pod Lopeníkem;;;è.ev.;90;;;68755;517755.91;1193512.17;2018-02-13T00:00:00
78516188;592111;Bystøice pod Lopeníkem;;;;;17132;Bystøice pod Lopeníkem;;;è.p.;409;;;68755;516666.28;1193379.18;2018-07-13T00:00:00
78542341;592111;Bystøice pod Lopeníkem;;;;;17132;Bystøice pod Lopeníkem;;;è.ev.;91;;;68755;517804.25;1193545.55;2018-07-23T00:00:00
79190995;592111;Bystøice pod Lopeníkem;;;;;17132;Bystøice pod Lopeníkem;;;è.p.;410;;;68755;517176.76;1193296.84;2019-03-04T00:00:00
79654118;592111;Bystøice pod Lopeníkem;;;;;17132;Bystøice pod Lopeníkem;;;è.p.;411;;;68755;517569.16;1193230.98;2019-08-08T00:00:00
80053181;592111;Bystøice pod Lopeníkem;;;;;17132;Bystøice pod Lopeníkem;;;è.p.;412;;;68755;517586.62;1193217.55;2019-11-13T00:00:00
80200842;592111;Bystøice pod Lopeníkem;;;;;17132;Bystøice pod Lopeníkem;;;è.p.;413;;;68755;516580.61;1194016.19;2019-12-19T00:00:00
80333737;592111;Bystøice pod Lopeníkem;;;;;17132;Bystøice pod Lopeníkem;;;è.p.;414;;;68755;517563.78;1193185.97;2020-02-03T00:00:00
80357296;592111;Bystøice pod Lopeníkem;;;;;17132;Bystøice pod Lopeníkem;;;è.p.;415;;;68755;517605.02;1193229.48;2020-02-07T00:00:00
80895247;592111;Bystøice pod Lopeníkem;;;;;17132;Bystøice pod Lopeníkem;;;è.p.;417;;;68755;517545.23;1193197.31;2020-06-30T00:00:00
80900232;592111;Bystøice pod Lopeníkem;;;;;17132;Bystøice pod Lopeníkem;;;è.p.;416;;;68755;517534.67;1193181.88;2020-06-30T00:00:00
81142811;592111;Bystøice pod Lopeníkem;;;;;17132;Bystøice pod Lopeníkem;;;è.ev.;92;;;68755;517712.71;1193577.48;2020-09-15T00:00:00
81171170;592111;Bystøice pod Lopeníkem;;;;;17132;Bystøice pod Lopeníkem;;;è.p.;424;;;68755;517576.85;1193200.37;2020-09-29T00:00:00
81298510;592111;Bystøice pod Lopeníkem;;;;;17132;Bystøice pod Lopeníkem;;;è.p.;425;;;68755;517552.06;1193169.03;2020-11-20T00:00:00
81368461;592111;Bystøice pod Lopeníkem;;;;;17132;Bystøice pod Lopeníkem;;;è.p.;418;;;68755;517556.26;1193212.82;2020-12-14T00:00:00
81403178;592111;Bystøice pod Lopeníkem;;;;;17132;Bystøice pod Lopeníkem;;;è.ev.;93;;;68755;514151.13;1194937.48;2020-12-30T00:00:00
81470479;592111;Bystøice pod Lopeníkem;;;;;17132;Bystøice pod Lopeníkem;;;è.p.;422;;;68755;517622.29;1193267.58;2021-02-01T00:00:00
81823649;592111;Bystøice pod Lopeníkem;;;;;17132;Bystøice pod Lopeníkem;;;è.p.;430;;;68755;517139.24;1193147.03;2021-05-18T00:00:00
82018600;592111;Bystøice pod Lopeníkem;;;;;17132;Bystøice pod Lopeníkem;;;è.ev.;94;;;68755;516715.03;1193587.48;2021-08-09T00:00:00
82444277;592111;Bystøice pod Lopeníkem;;;;;17132;Bystøice pod Lopeníkem;;;è.p.;419;;;68755;517581.03;1193247.98;2022-01-07T00:00:00
82811300;592111;Bystøice pod Lopeníkem;;;;;17132;Bystøice pod Lopeníkem;;;è.p.;428;;;68755;516681.93;1193512.36;2022-04-01T00:00:00
83323112;592111;Bystøice pod Lopeníkem;;;;;17132;Bystøice pod Lopeníkem;;;è.p.;427;;;68755;517522.67;1193172.67;2022-09-27T00:00:00
83352945;592111;Bystøice pod Lopeníkem;;;;;17132;Bystøice pod Lopeníkem;;;è.ev.;95;;;68755;517811.38;1193601.81;2022-10-11T00:00:00
85082015;592111;Bystøice pod Lopeníkem;;;;;17132;Bystøice pod Lopeníkem;;;è.p.;429;;;68755;516979.12;1193093.68;2023-04-03T00:00:00
85544370;592111;Bystøice pod Lopeníkem;;;;;17132;Bystøice pod Lopeníkem;;;è.p.;431;;;68755;517431.64;1193219.18;2023-08-22T00:00:00
85743470;592111;Bystøice pod Lopeníkem;;;;;17132;Bystøice pod Lopeníkem;;;è.ev.;96;;;68755;514813.15;1195675.09;2023-11-07T00:00:00
85890693;592111;Bystøice pod Lopeníkem;;;;;17132;Bystøice pod Lopeníkem;;;è.p.;423;;;68755;517612.11;1193249.86;2023-12-21T00:00:00
